Row,Cement_kgm_3,BlastFurnaceSlag_kgm_3,FlyAshkgm_3,Water_kgm_3,Superplasticizer_kgm_3,CoarseAggregate_kgm_3,FineAggregate_kgm_3,Age_days
mean,281.165631067961,73.8954854368932,54.1871359223301,181.566359223301,6.20311165048544,972.918592233009,773.578883495144,45.6621359223301
std,104.507141642872,86.2791036431688,63.9964693818656,21.3555670669115,5.97349165059015,77.7538180917894,80.1754273990238,63.1699115810332
min,102,0,0,121.75,0,801,594,1
25%,192,0,0,164.9,0,932,730.4,7
50%,272.9,22,0,185,6.35,968,779.51,28
75%,350,143,118.27,192,10.16,1029.4,824,56
max,540,359.4,200.1,247,32.2,1145,992.6,365
